nama_file,kelas,tanggal,kondisi_cahaya,waktu,sesi,nama_asli
kotak_kacamata/kotak_kacamata_20261003_normal_001.jpg,kotak_kacamata,2026-10-03,normal,19:57:49,1,IMG_20261003_195749.jpg
kotak_kacamata/kotak_kacamata_20261003_normal_002.jpg,kotak_kacamata,2026-10-03,normal,19:57:52,1,IMG_20261003_195752.jpg
kotak_kacamata/kotak_kacamata_20261003_normal_003.jpg,kotak_kacamata,2026-10-03,normal,19:57:58,1,IMG_20261003_195758.jpg
kotak_kacamata/kotak_kacamata_20261003_normal_004.jpg,kotak_kacamata,2026-10-03,normal,19:58:02,1,IMG_20261003_195802.jpg
kotak_kacamata/kotak_kacamata_20261003_normal_005.jpg,kotak_kacamata,2026-10-03,normal,19:58:06,1,IMG_20261003_195806.jpg
kotak_kacamata/kotak_kacamata_20261003_normal_006.jpg,kotak_kacamata,2026-10-03,normal,19:58:13,1,IMG_20261003_195813.jpg
kotak_kacamata/kotak_kacamata_20261003_normal_007.jpg,kotak_kacamata,2026-10-03,normal,19:58:17,1,IMG_20261003_195817.jpg
kotak_kacamata/kotak_kacamata_20261003_normal_008.jpg,kotak_kacamata,2026-10-03,normal,19:58:21,1,IMG_20261003_195821.jpg
kotak_kacamata/kotak_kacamata_20261003_normal_009.jpg,kotak_kacamata,2026-10-03,normal,19:58:24,1,IMG_20261003_195824.jpg
kotak_kacamata/kotak_kacamata_20261003_normal_010.jpg,kotak_kacamata,2026-10-03,normal,19:58:30,1,IMG_20261003_195830.jpg
kotak_kacamata/kotak_kacamata_20261003_normal_011.jpg,kotak_kacamata,2026-10-03,normal,19:58:44,1,IMG_20261003_195844.jpg
kotak_kacamata/kotak_kacamata_20261003_normal_012.jpg,kotak_kacamata,2026-10-03,normal,19:58:56,1,IMG_20261003_195856.jpg
kotak_kacamata/kotak_kacamata_20261003_normal_013.jpg,kotak_kacamata,2026-10-03,normal,19:59:03,1,IMG_20261003_195903.jpg
kotak_kacamata/kotak_kacamata_20261003_normal_014.jpg,kotak_kacamata,2026-10-03,normal,19:59:06,1,IMG_20261003_195906.jpg
kotak_kacamata/kotak_kacamata_20261003_normal_015.jpg,kotak_kacamata,2026-10-03,normal,19:59:12,1,IMG_20261003_195912.jpg
kotak_kacamata/kotak_kacamata_20261003_normal_016.jpg,kotak_kacamata,2026-10-03,normal,19:59:16,1,IMG_20261003_195916.jpg
kotak_kacamata/kotak_kacamata_20261003_normal_017.jpg,kotak_kacamata,2026-10-03,normal,19:59:19,1,IMG_20261003_195919.jpg
kotak_kacamata/kotak_kacamata_20261003_normal_018.jpg,kotak_kacamata,2026-10-03,normal,19:59:27,1,IMG_20261003_195927.jpg
kotak_kacamata/kotak_kacamata_20261003_normal_019.jpg,kotak_kacamata,2026-10-03,normal,19:59:35,1,IMG_20261003_195935.jpg
kotak_kacamata/kotak_kacamata_20261003_normal_020.jpg,kotak_kacamata,2026-10-03,normal,19:59:39,1,IMG_20261003_195939.jpg
kotak_kacamata/kotak_kacamata_20261003_normal_021.jpg,kotak_kacamata,2026-10-03,normal,20:00:21,1,IMG_20261003_200021.jpg
kotak_kacamata/kotak_kacamata_20261003_normal_022.jpg,kotak_kacamata,2026-10-03,normal,20:00:27,1,IMG_20261003_200027.jpg
kotak_kacamata/kotak_kacamata_20261003_normal_023.jpg,kotak_kacamata,2026-10-03,normal,20:00:35,1,IMG_20261003_200035.jpg
kotak_kacamata/kotak_kacamata_20261003_normal_024.jpg,kotak_kacamata,2026-10-03,normal,20:00:40,1,IMG_20261003_200040.jpg
kotak_kacamata/kotak_kacamata_20261003_normal_025.jpg,kotak_kacamata,2026-10-03,normal,20:00:45,1,IMG_20261003_200045.jpg
kotak_kacamata/kotak_kacamata_20261003_bervariasi_026.jpg,kotak_kacamata,2026-10-03,bervariasi,20:30:38,2,IMG_20261003_203038.jpg
kotak_kacamata/kotak_kacamata_20261003_bervariasi_027.jpg,kotak_kacamata,2026-10-03,bervariasi,20:30:42,2,IMG_20261003_203042.jpg
kotak_kacamata/kotak_kacamata_20261003_bervariasi_028.jpg,kotak_kacamata,2026-10-03,bervariasi,20:30:45,2,IMG_20261003_203045.jpg
kotak_kacamata/kotak_kacamata_20261003_bervariasi_029.jpg,kotak_kacamata,2026-10-03,bervariasi,20:30:49,2,IMG_20261003_203049.jpg
kotak_kacamata/kotak_kacamata_20261003_bervariasi_030.jpg,kotak_kacamata,2026-10-03,bervariasi,20:30:54,2,IMG_20261003_203054.jpg
kotak_kacamata/kotak_kacamata_20261003_bervariasi_031.jpg,kotak_kacamata,2026-10-03,bervariasi,20:30:56,2,IMG_20261003_203056.jpg
kotak_kacamata/kotak_kacamata_20261003_bervariasi_032.jpg,kotak_kacamata,2026-10-03,bervariasi,20:31:06,2,IMG_20261003_203106.jpg
kotak_kacamata/kotak_kacamata_20261003_bervariasi_033.jpg,kotak_kacamata,2026-10-03,bervariasi,20:31:19,2,IMG_20261003_203119.jpg
kotak_kacamata/kotak_kacamata_20261003_bervariasi_034.jpg,kotak_kacamata,2026-10-03,bervariasi,20:31:28,2,IMG_20261003_203128.jpg
kotak_kacamata/kotak_kacamata_20261003_bervariasi_035.jpg,kotak_kacamata,2026-10-03,bervariasi,20:31:31,2,IMG_20261003_203131.jpg
kotak_kacamata/kotak_kacamata_20261003_bervariasi_036.jpg,kotak_kacamata,2026-10-03,bervariasi,20:31:34,2,IMG_20261003_203134.jpg
kotak_kacamata/kotak_kacamata_20261003_bervariasi_037.jpg,kotak_kacamata,2026-10-03,bervariasi,20:31:37,2,IMG_20261003_203137.jpg
kotak_kacamata/kotak_kacamata_20261003_bervariasi_038.jpg,kotak_kacamata,2026-10-03,bervariasi,20:31:45,2,IMG_20261003_203145.jpg
kotak_kacamata/kotak_kacamata_20261003_bervariasi_039.jpg,kotak_kacamata,2026-10-03,bervariasi,20:31:50,2,IMG_20261003_203150.jpg
kotak_kacamata/kotak_kacamata_20261003_bervariasi_040.jpg,kotak_kacamata,2026-10-03,bervariasi,20:31:55,2,IMG_20261003_203155.jpg
kotak_kacamata/kotak_kacamata_20261003_bervariasi_041.jpg,kotak_kacamata,2026-10-03,bervariasi,20:32:02,2,IMG_20261003_203202.jpg
kotak_kacamata/kotak_kacamata_20261003_bervariasi_042.jpg,kotak_kacamata,2026-10-03,bervariasi,20:32:06,2,IMG_20261003_203206.jpg
kotak_kacamata/kotak_kacamata_20261003_bervariasi_043.jpg,kotak_kacamata,2026-10-03,bervariasi,20:32:08,2,IMG_20261003_203208.jpg
kotak_kacamata/kotak_kacamata_20261003_bervariasi_044.jpg,kotak_kacamata,2026-10-03,bervariasi,20:32:10,2,IMG_20261003_203210.jpg
kotak_kacamata/kotak_kacamata_20261003_bervariasi_045.jpg,kotak_kacamata,2026-10-03,bervariasi,20:32:14,2,IMG_20261003_203214.jpg
kotak_kacamata/kotak_kacamata_20261003_bervariasi_046.jpg,kotak_kacamata,2026-10-03,bervariasi,20:32:23,2,IMG_20261003_203223.jpg
kotak_kacamata/kotak_kacamata_20261003_bervariasi_047.jpg,kotak_kacamata,2026-10-03,bervariasi,20:32:25,2,IMG_20261003_203225.jpg
kotak_kacamata/kotak_kacamata_20261003_bervariasi_048.jpg,kotak_kacamata,2026-10-03,bervariasi,20:32:37,2,IMG_20261003_203237.jpg
kotak_kacamata/kotak_kacamata_20261003_bervariasi_049.jpg,kotak_kacamata,2026-10-03,bervariasi,20:32:41,2,IMG_20261003_203241.jpg
kotak_kacamata/kotak_kacamata_20261003_bervariasi_050.jpg,kotak_kacamata,2026-10-03,bervariasi,20:32:52,2,IMG_20261003_203252.jpg
mouse/mouse_20261003_normal_001.jpg,mouse,2026-10-03,normal,19:52:50,1,IMG_20261003_195250.jpg
mouse/mouse_20261003_normal_002.jpg,mouse,2026-10-03,normal,19:53:04,1,IMG_20261003_195304.jpg
mouse/mouse_20261003_normal_003.jpg,mouse,2026-10-03,normal,19:53:14,1,IMG_20261003_195314.jpg
mouse/mouse_20261003_normal_004.jpg,mouse,2026-10-03,normal,19:53:21,1,IMG_20261003_195321.jpg
mouse/mouse_20261003_normal_005.jpg,mouse,2026-10-03,normal,19:53:48,1,IMG_20261003_195348.jpg
mouse/mouse_20261003_normal_006.jpg,mouse,2026-10-03,normal,19:53:51,1,IMG_20261003_195351.jpg
mouse/mouse_20261003_normal_007.jpg,mouse,2026-10-03,normal,19:54:19,1,IMG_20261003_195419.jpg
mouse/mouse_20261003_normal_008.jpg,mouse,2026-10-03,normal,19:54:24,1,IMG_20261003_195424.jpg
mouse/mouse_20261003_normal_009.jpg,mouse,2026-10-03,normal,19:54:34,1,IMG_20261003_195434.jpg
mouse/mouse_20261003_normal_010.jpg,mouse,2026-10-03,normal,19:54:47,1,IMG_20261003_195447.jpg
mouse/mouse_20261003_normal_011.jpg,mouse,2026-10-03,normal,19:54:55,1,IMG_20261003_195455.jpg
mouse/mouse_20261003_normal_012.jpg,mouse,2026-10-03,normal,19:55:19,1,IMG_20261003_195519.jpg
mouse/mouse_20261003_normal_013.jpg,mouse,2026-10-03,normal,19:55:47,1,IMG_20261003_195547.jpg
mouse/mouse_20261003_normal_014.jpg,mouse,2026-10-03,normal,19:55:50,1,IMG_20261003_195550.jpg
mouse/mouse_20261003_normal_015.jpg,mouse,2026-10-03,normal,19:56:07,1,IMG_20261003_195607.jpg
mouse/mouse_20261003_normal_016.jpg,mouse,2026-10-03,normal,19:56:11,1,IMG_20261003_195611.jpg
mouse/mouse_20261003_normal_017.jpg,mouse,2026-10-03,normal,19:56:18,1,IMG_20261003_195618.jpg
mouse/mouse_20261003_normal_018.jpg,mouse,2026-10-03,normal,19:56:29,1,IMG_20261003_195629.jpg
mouse/mouse_20261003_normal_019.jpg,mouse,2026-10-03,normal,19:56:46,1,IMG_20261003_195646.jpg
mouse/mouse_20261003_normal_020.jpg,mouse,2026-10-03,normal,19:56:56,1,IMG_20261003_195656.jpg
mouse/mouse_20261003_normal_021.jpg,mouse,2026-10-03,normal,19:56:58,1,IMG_20261003_195658.jpg
mouse/mouse_20261003_normal_022.jpg,mouse,2026-10-03,normal,19:57:03,1,IMG_20261003_195703.jpg
mouse/mouse_20261003_normal_023.jpg,mouse,2026-10-03,normal,19:57:14,1,IMG_20261003_195714.jpg
mouse/mouse_20261003_normal_024.jpg,mouse,2026-10-03,normal,19:57:18,1,IMG_20261003_195718.jpg
mouse/mouse_20261003_normal_025.jpg,mouse,2026-10-03,normal,19:57:29,1,IMG_20261003_195729.jpg
mouse/mouse_20261003_bervariasi_026.jpg,mouse,2026-10-03,bervariasi,20:26:32,2,IMG_20261003_202632.jpg
mouse/mouse_20261003_bervariasi_027.jpg,mouse,2026-10-03,bervariasi,20:26:48,2,IMG_20261003_202648.jpg
mouse/mouse_20261003_bervariasi_028.jpg,mouse,2026-10-03,bervariasi,20:26:55,2,IMG_20261003_202655.jpg
mouse/mouse_20261003_bervariasi_029.jpg,mouse,2026-10-03,bervariasi,20:26:58,2,IMG_20261003_202658.jpg
mouse/mouse_20261003_bervariasi_030.jpg,mouse,2026-10-03,bervariasi,20:27:00,2,IMG_20261003_202700.jpg
mouse/mouse_20261003_bervariasi_031.jpg,mouse,2026-10-03,bervariasi,20:27:04,2,IMG_20261003_202704.jpg
mouse/mouse_20261003_bervariasi_032.jpg,mouse,2026-10-03,bervariasi,20:27:06,2,IMG_20261003_202706.jpg
mouse/mouse_20261003_bervariasi_033.jpg,mouse,2026-10-03,bervariasi,20:27:11,2,IMG_20261003_202711.jpg
mouse/mouse_20261003_bervariasi_034.jpg,mouse,2026-10-03,bervariasi,20:27:26,2,IMG_20261003_202726.jpg
mouse/mouse_20261003_bervariasi_035.jpg,mouse,2026-10-03,bervariasi,20:27:28,2,IMG_20261003_202728.jpg
mouse/mouse_20261003_bervariasi_036.jpg,mouse,2026-10-03,bervariasi,20:27:43,2,IMG_20261003_202743.jpg
mouse/mouse_20261003_bervariasi_037.jpg,mouse,2026-10-03,bervariasi,20:27:56,2,IMG_20261003_202756.jpg
mouse/mouse_20261003_bervariasi_038.jpg,mouse,2026-10-03,bervariasi,20:28:02,2,IMG_20261003_202802.jpg
mouse/mouse_20261003_bervariasi_039.jpg,mouse,2026-10-03,bervariasi,20:28:03,2,IMG_20261003_202803.jpg
mouse/mouse_20261003_bervariasi_040.jpg,mouse,2026-10-03,bervariasi,20:28:08,2,IMG_20261003_202808.jpg
mouse/mouse_20261003_bervariasi_041.jpg,mouse,2026-10-03,bervariasi,20:28:11,2,IMG_20261003_202811.jpg
mouse/mouse_20261003_bervariasi_042.jpg,mouse,2026-10-03,bervariasi,20:28:15,2,IMG_20261003_202815.jpg
mouse/mouse_20261003_bervariasi_043.jpg,mouse,2026-10-03,bervariasi,20:28:19,2,IMG_20261003_202819.jpg
mouse/mouse_20261003_bervariasi_044.jpg,mouse,2026-10-03,bervariasi,20:28:42,2,IMG_20261003_202842.jpg
mouse/mouse_20261003_bervariasi_045.jpg,mouse,2026-10-03,bervariasi,20:28:50,2,IMG_20261003_202850.jpg
mouse/mouse_20261003_bervariasi_046.jpg,mouse,2026-10-03,bervariasi,20:28:58,2,IMG_20261003_202858.jpg
mouse/mouse_20261003_bervariasi_047.jpg,mouse,2026-10-03,bervariasi,20:29:02,2,IMG_20261003_202902.jpg
mouse/mouse_20261003_bervariasi_048.jpg,mouse,2026-10-03,bervariasi,20:29:05,2,IMG_20261003_202905.jpg
mouse/mouse_20261003_bervariasi_049.jpg,mouse,2026-10-03,bervariasi,20:29:07,2,IMG_20261003_202907.jpg
mouse/mouse_20261003_bervariasi_050.jpg,mouse,2026-10-03,bervariasi,20:29:09,2,IMG_20261003_202909.jpg
